<?xml version="1.0" encoding="UTF-8"?>
<project-private xmlns="http://www.netbeans.org/ns/project-private/1">
    <editor-bookmarks xmlns="http://www.netbeans.org/ns/editor-bookmarks/2" lastBookmarkId="0"/>
    <open-files xmlns="http://www.netbeans.org/ns/projectui-open-files/2">
        <group>
            <file>file:/C:/Users/PC06-306/Documents/NetBeansProjects/ApuestasDeportivas/src/Paginas_principales/Apuestas_Usuario_Volleyball.java</file>
            <file>file:/C:/Users/PC06-306/Documents/NetBeansProjects/ApuestasDeportivas/src/Paginas_principales/LogicaApuestas.java</file>
            <file>file:/C:/Users/PC06-306/Documents/NetBeansProjects/ApuestasDeportivas/src/Paginas_principales/Apuestas_Usuario_Seleccion.java</file>
            <file>file:/C:/Users/PC06-306/Documents/NetBeansProjects/ApuestasDeportivas/src/Ventanas/Login.java</file>
            <file>file:/C:/Users/PC06-306/Documents/NetBeansProjects/ApuestasDeportivas/src/Paginas_principales/ventanaApuestas.java</file>
            <file>file:/C:/Users/PC06-306/Documents/NetBeansProjects/ApuestasDeportivas/src/Paginas_principales/Apuestas_Usuario_Baseball.java</file>
            <file>file:/C:/Users/PC06-306/Documents/NetBeansProjects/ApuestasDeportivas/src/Paginas_principales/Apuestas_Usuario_Tennis.java</file>
            <file>file:/C:/Users/PC06-306/Documents/NetBeansProjects/ApuestasDeportivas/src/Ventanas/Registro.java</file>
            <file>file:/C:/Users/PC06-306/Documents/NetBeansProjects/ApuestasDeportivas/src/Paginas_principales/OpcionesNOAPLICA.java</file>
            <file>file:/C:/Users/PC06-306/Documents/NetBeansProjects/ApuestasDeportivas/src/Paginas_principales/Apuestas_Usuario_Basketball.java</file>
            <file>file:/C:/Users/PC06-306/Documents/NetBeansProjects/ApuestasDeportivas/src/Paginas_principales/Apuestas_Usuario_Futbol.java</file>
        </group>
    </open-files>
</project-private>
